{
  "ABIRoot": {
    "kind": "Root",
    "name": "TopLevel",
    "printedName": "TopLevel",
    "children": [
      {
        "kind": "Import",
        "name": "UIKit",
        "printedName": "UIKit",
        "declKind": "Import",
        "moduleName": "NasAdPlatform",
        "declAttributes": [
          "RawDocComment"
        ]
      },
      {
        "kind": "Import",
        "name": "Kingfisher",
        "printedName": "Kingfisher",
        "declKind": "Import",
        "moduleName": "NasAdPlatform",
        "declAttributes": [
          "ImplementationOnly"
        ]
      },
      {
        "kind": "Import",
        "name": "RxSwift",
        "printedName": "RxSwift",
        "declKind": "Import",
        "moduleName": "NasAdPlatform",
        "declAttributes": [
          "ImplementationOnly"
        ]
      },
      {
        "kind": "Import",
        "name": "RxCocoa",
        "printedName": "RxCocoa",
        "declKind": "Import",
        "moduleName": "NasAdPlatform",
        "declAttributes": [
          "ImplementationOnly"
        ]
      },
      {
        "kind": "Import",
        "name": "SnapKit",
        "printedName": "SnapKit",
        "declKind": "Import",
        "moduleName": "NasAdPlatform",
        "declAttributes": [
          "ImplementationOnly"
        ]
      },
      {
        "kind": "TypeDecl",
        "name": "TestViewController",
        "printedName": "TestViewController",
        "children": [
          {
            "kind": "Function",
            "name": "viewDidLoad",
            "printedName": "viewDidLoad()",
            "children": [
              {
                "kind": "TypeNominal",
                "name": "Void",
                "printedName": "()"
              }
            ],
            "declKind": "Func",
            "usr": "c:@M@NasAdPlatform@objc(cs)TestViewController(im)viewDidLoad",
            "mangledName": "$s13NasAdPlatform18TestViewControllerC11viewDidLoadyyF",
            "moduleName": "NasAdPlatform",
            "overriding": true,
            "objc_name": "viewDidLoad",
            "declAttributes": [
              "Dynamic",
              "ObjC",
              "Custom",
              "Override",
              "AccessControl"
            ],
            "funcSelfKind": "NonMutating"
          },
          {
            "kind": "Constructor",
            "name": "init",
            "printedName": "init(nibName:bundle:)",
            "children": [
              {
                "kind": "TypeNominal",
                "name": "TestViewController",
                "printedName": "NasAdPlatform.TestViewController",
                "usr": "c:@M@NasAdPlatform@objc(cs)TestViewController"
              },
              {
                "kind": "TypeNominal",
                "name": "Optional",
                "printedName": "Swift.String?",
                "children": [
                  {
                    "kind": "TypeNominal",
                    "name": "String",
                    "printedName": "Swift.String",
                    "usr": "s:SS"
                  }
                ],
                "usr": "s:Sq"
              },
              {
                "kind": "TypeNominal",
                "name": "Optional",
                "printedName": "Foundation.Bundle?",
                "children": [
                  {
                    "kind": "TypeNominal",
                    "name": "Bundle",
                    "printedName": "Foundation.Bundle",
                    "usr": "c:objc(cs)NSBundle"
                  }
                ],
                "usr": "s:Sq"
              }
            ],
            "declKind": "Constructor",
            "usr": "c:@M@NasAdPlatform@objc(cs)TestViewController(im)initWithNibName:bundle:",
            "mangledName": "$s13NasAdPlatform18TestViewControllerC7nibName6bundleACSSSg_So8NSBundleCSgtcfc",
            "moduleName": "NasAdPlatform",
            "overriding": true,
            "implicit": true,
            "objc_name": "initWithNibName:bundle:",
            "declAttributes": [
              "Dynamic",
              "ObjC",
              "Custom",
              "Override"
            ],
            "init_kind": "Designated"
          },
          {
            "kind": "Constructor",
            "name": "init",
            "printedName": "init(coder:)",
            "children": [
              {
                "kind": "TypeNominal",
                "name": "Optional",
                "printedName": "NasAdPlatform.TestViewController?",
                "children": [
                  {
                    "kind": "TypeNominal",
                    "name": "TestViewController",
                    "printedName": "NasAdPlatform.TestViewController",
                    "usr": "c:@M@NasAdPlatform@objc(cs)TestViewController"
                  }
                ],
                "usr": "s:Sq"
              },
              {
                "kind": "TypeNominal",
                "name": "NSCoder",
                "printedName": "Foundation.NSCoder",
                "usr": "c:objc(cs)NSCoder"
              }
            ],
            "declKind": "Constructor",
            "usr": "c:@M@NasAdPlatform@objc(cs)TestViewController(im)initWithCoder:",
            "mangledName": "$s13NasAdPlatform18TestViewControllerC5coderACSgSo7NSCoderC_tcfc",
            "moduleName": "NasAdPlatform",
            "overriding": true,
            "implicit": true,
            "objc_name": "initWithCoder:",
            "declAttributes": [
              "Dynamic",
              "ObjC",
              "Custom",
              "Required"
            ],
            "init_kind": "Designated"
          }
        ],
        "declKind": "Class",
        "usr": "c:@M@NasAdPlatform@objc(cs)TestViewController",
        "mangledName": "$s13NasAdPlatform18TestViewControllerC",
        "moduleName": "NasAdPlatform",
        "declAttributes": [
          "Custom",
          "AccessControl",
          "ObjC"
        ],
        "superclassUsr": "c:objc(cs)UIViewController",
        "inheritsConvenienceInitializers": true,
        "superclassNames": [
          "UIKit.UIViewController",
          "UIKit.UIResponder",
          "ObjectiveC.NSObject"
        ],
        "conformances": [
          {
            "kind": "Conformance",
            "name": "Equatable",
            "printedName": "Equatable",
            "usr": "s:SQ",
            "mangledName": "$sSQ"
          },
          {
            "kind": "Conformance",
            "name": "Hashable",
            "printedName": "Hashable",
            "usr": "s:SH",
            "mangledName": "$sSH"
          },
          {
            "kind": "Conformance",
            "name": "CVarArg",
            "printedName": "CVarArg",
            "usr": "s:s7CVarArgP",
            "mangledName": "$ss7CVarArgP"
          },
          {
            "kind": "Conformance",
            "name": "_KeyValueCodingAndObservingPublishing",
            "printedName": "_KeyValueCodingAndObservingPublishing",
            "usr": "s:10Foundation37_KeyValueCodingAndObservingPublishingP",
            "mangledName": "$s10Foundation37_KeyValueCodingAndObservingPublishingP"
          },
          {
            "kind": "Conformance",
            "name": "_KeyValueCodingAndObserving",
            "printedName": "_KeyValueCodingAndObserving",
            "usr": "s:10Foundation27_KeyValueCodingAndObservingP",
            "mangledName": "$s10Foundation27_KeyValueCodingAndObservingP"
          },
          {
            "kind": "Conformance",
            "name": "CustomStringConvertible",
            "printedName": "CustomStringConvertible",
            "usr": "s:s23CustomStringConvertibleP",
            "mangledName": "$ss23CustomStringConvertibleP"
          },
          {
            "kind": "Conformance",
            "name": "CustomDebugStringConvertible",
            "printedName": "CustomDebugStringConvertible",
            "usr": "s:s28CustomDebugStringConvertibleP",
            "mangledName": "$ss28CustomDebugStringConvertibleP"
          },
          {
            "kind": "Conformance",
            "name": "ReactiveCompatible",
            "printedName": "ReactiveCompatible",
            "children": [
              {
                "kind": "TypeWitness",
                "name": "ReactiveBase",
                "printedName": "ReactiveBase",
                "children": [
                  {
                    "kind": "TypeNominal",
                    "name": "NSObject",
                    "printedName": "ObjectiveC.NSObject",
                    "usr": "c:objc(cs)NSObject"
                  }
                ]
              }
            ],
            "usr": "s:7RxSwift18ReactiveCompatibleP",
            "mangledName": "$s7RxSwift18ReactiveCompatibleP"
          },
          {
            "kind": "Conformance",
            "name": "UITraitChangeObservable",
            "printedName": "UITraitChangeObservable",
            "usr": "s:5UIKit23UITraitChangeObservableP",
            "mangledName": "$s5UIKit23UITraitChangeObservableP"
          }
        ]
      }
    ],
    "json_format_version": 8
  },
  "ConstValues": [
    {
      "filePath": "\/Users\/iosnasmedia\/Desktop\/JSYWorkSpace\/iOS-NasAdPlatform\/NasAdPlatform\/Classes\/Presentations\/TestViewController.swift",
      "kind": "IntegerLiteral",
      "offset": 756,
      "length": 3,
      "value": "200"
    },
    {
      "filePath": "\/Users\/iosnasmedia\/Desktop\/JSYWorkSpace\/iOS-NasAdPlatform\/NasAdPlatform\/Classes\/Presentations\/TestViewController.swift",
      "kind": "IntegerLiteral",
      "offset": 872,
      "length": 2,
      "value": "30"
    },
    {
      "filePath": "\/Users\/iosnasmedia\/Desktop\/JSYWorkSpace\/iOS-NasAdPlatform\/NasAdPlatform\/Classes\/Presentations\/TestViewController.swift",
      "kind": "StringLiteral",
      "offset": 961,
      "length": 27,
      "value": "\"https:\/\/picsum.photos\/330\""
    },
    {
      "filePath": "\/Users\/iosnasmedia\/Desktop\/JSYWorkSpace\/iOS-NasAdPlatform\/NasAdPlatform\/Classes\/Presentations\/TestViewController.swift",
      "kind": "StringLiteral",
      "offset": 1152,
      "length": 6,
      "value": "\"test\""
    },
    {
      "filePath": "\/Users\/iosnasmedia\/Desktop\/JSYWorkSpace\/iOS-NasAdPlatform\/NasAdPlatform\/Classes\/Presentations\/TestViewController.swift",
      "kind": "FloatLiteral",
      "offset": 1279,
      "length": 4,
      "value": "15.0"
    },
    {
      "filePath": "\/Users\/iosnasmedia\/Desktop\/JSYWorkSpace\/iOS-NasAdPlatform\/NasAdPlatform\/Classes\/Presentations\/TestViewController.swift",
      "kind": "StringLiteral",
      "offset": 1388,
      "length": 15,
      "value": "\"Button Tapped\""
    }
  ]
}