{
  "ABIRoot": {
    "kind": "Root",
    "name": "TopLevel",
    "printedName": "TopLevel",
    "children": [
      {
        "kind": "Import",
        "name": "Foundation",
        "printedName": "Foundation",
        "declKind": "Import",
        "moduleName": "NasAdPlatform",
        "declAttributes": [
          "RawDocComment"
        ]
      },
      {
        "kind": "TypeDecl",
        "name": "AppModel",
        "printedName": "AppModel",
        "declKind": "Struct",
        "usr": "s:13NasAdPlatform8AppModelV",
        "mangledName": "$s13NasAdPlatform8AppModelV",
        "moduleName": "NasAdPlatform",
        "declAttributes": [
          "AccessControl"
        ]
      },
      {
        "kind": "Import",
        "name": "UIKit",
        "printedName": "UIKit",
        "declKind": "Import",
        "moduleName": "NasAdPlatform",
        "declAttributes": [
          "RawDocComment"
        ]
      },
      {
        "kind": "Import",
        "name": "UIKit",
        "printedName": "UIKit",
        "declKind": "Import",
        "moduleName": "NasAdPlatform",
        "declAttributes": [
          "RawDocComment"
        ]
      },
      {
        "kind": "Import",
        "name": "RxSwift",
        "printedName": "RxSwift",
        "declKind": "Import",
        "moduleName": "NasAdPlatform",
        "declAttributes": [
          "ImplementationOnly"
        ]
      },
      {
        "kind": "TypeDecl",
        "name": "BaseViewController",
        "printedName": "BaseViewController",
        "children": [
          {
            "kind": "Function",
            "name": "viewDidLoad",
            "printedName": "viewDidLoad()",
            "children": [
              {
                "kind": "TypeNominal",
                "name": "Void",
                "printedName": "()"
              }
            ],
            "declKind": "Func",
            "usr": "c:@M@NasAdPlatform@objc(cs)BaseViewController(im)viewDidLoad",
            "mangledName": "$s13NasAdPlatform18BaseViewControllerC11viewDidLoadyyF",
            "moduleName": "NasAdPlatform",
            "overriding": true,
            "objc_name": "viewDidLoad",
            "declAttributes": [
              "Dynamic",
              "ObjC",
              "Custom",
              "Override",
              "AccessControl"
            ],
            "funcSelfKind": "NonMutating"
          },
          {
            "kind": "Function",
            "name": "addSubView",
            "printedName": "addSubView()",
            "children": [
              {
                "kind": "TypeNominal",
                "name": "Void",
                "printedName": "()"
              }
            ],
            "declKind": "Func",
            "usr": "s:13NasAdPlatform18BaseViewControllerC06addSubE0yyF",
            "mangledName": "$s13NasAdPlatform18BaseViewControllerC06addSubE0yyF",
            "moduleName": "NasAdPlatform",
            "declAttributes": [
              "Custom",
              "AccessControl"
            ],
            "funcSelfKind": "NonMutating"
          },
          {
            "kind": "Function",
            "name": "setLayout",
            "printedName": "setLayout()",
            "children": [
              {
                "kind": "TypeNominal",
                "name": "Void",
                "printedName": "()"
              }
            ],
            "declKind": "Func",
            "usr": "s:13NasAdPlatform18BaseViewControllerC9setLayoutyyF",
            "mangledName": "$s13NasAdPlatform18BaseViewControllerC9setLayoutyyF",
            "moduleName": "NasAdPlatform",
            "declAttributes": [
              "Custom",
              "AccessControl"
            ],
            "funcSelfKind": "NonMutating"
          },
          {
            "kind": "Function",
            "name": "configureView",
            "printedName": "configureView()",
            "children": [
              {
                "kind": "TypeNominal",
                "name": "Void",
                "printedName": "()"
              }
            ],
            "declKind": "Func",
            "usr": "s:13NasAdPlatform18BaseViewControllerC09configureE0yyF",
            "mangledName": "$s13NasAdPlatform18BaseViewControllerC09configureE0yyF",
            "moduleName": "NasAdPlatform",
            "declAttributes": [
              "Custom",
              "AccessControl"
            ],
            "funcSelfKind": "NonMutating"
          },
          {
            "kind": "Function",
            "name": "bindViewModel",
            "printedName": "bindViewModel()",
            "children": [
              {
                "kind": "TypeNominal",
                "name": "Void",
                "printedName": "()"
              }
            ],
            "declKind": "Func",
            "usr": "s:13NasAdPlatform18BaseViewControllerC04bindE5ModelyyF",
            "mangledName": "$s13NasAdPlatform18BaseViewControllerC04bindE5ModelyyF",
            "moduleName": "NasAdPlatform",
            "declAttributes": [
              "Custom",
              "AccessControl"
            ],
            "funcSelfKind": "NonMutating"
          },
          {
            "kind": "Constructor",
            "name": "init",
            "printedName": "init(nibName:bundle:)",
            "children": [
              {
                "kind": "TypeNominal",
                "name": "BaseViewController",
                "printedName": "NasAdPlatform.BaseViewController",
                "usr": "c:@M@NasAdPlatform@objc(cs)BaseViewController"
              },
              {
                "kind": "TypeNominal",
                "name": "Optional",
                "printedName": "Swift.String?",
                "children": [
                  {
                    "kind": "TypeNominal",
                    "name": "String",
                    "printedName": "Swift.String",
                    "usr": "s:SS"
                  }
                ],
                "usr": "s:Sq"
              },
              {
                "kind": "TypeNominal",
                "name": "Optional",
                "printedName": "Foundation.Bundle?",
                "children": [
                  {
                    "kind": "TypeNominal",
                    "name": "Bundle",
                    "printedName": "Foundation.Bundle",
                    "usr": "c:objc(cs)NSBundle"
                  }
                ],
                "usr": "s:Sq"
              }
            ],
            "declKind": "Constructor",
            "usr": "c:@M@NasAdPlatform@objc(cs)BaseViewController(im)initWithNibName:bundle:",
            "mangledName": "$s13NasAdPlatform18BaseViewControllerC7nibName6bundleACSSSg_So8NSBundleCSgtcfc",
            "moduleName": "NasAdPlatform",
            "overriding": true,
            "implicit": true,
            "objc_name": "initWithNibName:bundle:",
            "declAttributes": [
              "Dynamic",
              "ObjC",
              "Custom",
              "Override"
            ],
            "init_kind": "Designated"
          },
          {
            "kind": "Constructor",
            "name": "init",
            "printedName": "init(coder:)",
            "children": [
              {
                "kind": "TypeNominal",
                "name": "Optional",
                "printedName": "NasAdPlatform.BaseViewController?",
                "children": [
                  {
                    "kind": "TypeNominal",
                    "name": "BaseViewController",
                    "printedName": "NasAdPlatform.BaseViewController",
                    "usr": "c:@M@NasAdPlatform@objc(cs)BaseViewController"
                  }
                ],
                "usr": "s:Sq"
              },
              {
                "kind": "TypeNominal",
                "name": "NSCoder",
                "printedName": "Foundation.NSCoder",
                "usr": "c:objc(cs)NSCoder"
              }
            ],
            "declKind": "Constructor",
            "usr": "c:@M@NasAdPlatform@objc(cs)BaseViewController(im)initWithCoder:",
            "mangledName": "$s13NasAdPlatform18BaseViewControllerC5coderACSgSo7NSCoderC_tcfc",
            "moduleName": "NasAdPlatform",
            "overriding": true,
            "implicit": true,
            "objc_name": "initWithCoder:",
            "declAttributes": [
              "Dynamic",
              "ObjC",
              "Custom",
              "Required"
            ],
            "init_kind": "Designated"
          }
        ],
        "declKind": "Class",
        "usr": "c:@M@NasAdPlatform@objc(cs)BaseViewController",
        "mangledName": "$s13NasAdPlatform18BaseViewControllerC",
        "moduleName": "NasAdPlatform",
        "declAttributes": [
          "Custom",
          "AccessControl",
          "ObjC"
        ],
        "superclassUsr": "c:objc(cs)UIViewController",
        "inheritsConvenienceInitializers": true,
        "superclassNames": [
          "UIKit.UIViewController",
          "UIKit.UIResponder",
          "ObjectiveC.NSObject"
        ],
        "conformances": [
          {
            "kind": "Conformance",
            "name": "Equatable",
            "printedName": "Equatable",
            "usr": "s:SQ",
            "mangledName": "$sSQ"
          },
          {
            "kind": "Conformance",
            "name": "Hashable",
            "printedName": "Hashable",
            "usr": "s:SH",
            "mangledName": "$sSH"
          },
          {
            "kind": "Conformance",
            "name": "CVarArg",
            "printedName": "CVarArg",
            "usr": "s:s7CVarArgP",
            "mangledName": "$ss7CVarArgP"
          },
          {
            "kind": "Conformance",
            "name": "_KeyValueCodingAndObservingPublishing",
            "printedName": "_KeyValueCodingAndObservingPublishing",
            "usr": "s:10Foundation37_KeyValueCodingAndObservingPublishingP",
            "mangledName": "$s10Foundation37_KeyValueCodingAndObservingPublishingP"
          },
          {
            "kind": "Conformance",
            "name": "_KeyValueCodingAndObserving",
            "printedName": "_KeyValueCodingAndObserving",
            "usr": "s:10Foundation27_KeyValueCodingAndObservingP",
            "mangledName": "$s10Foundation27_KeyValueCodingAndObservingP"
          },
          {
            "kind": "Conformance",
            "name": "CustomStringConvertible",
            "printedName": "CustomStringConvertible",
            "usr": "s:s23CustomStringConvertibleP",
            "mangledName": "$ss23CustomStringConvertibleP"
          },
          {
            "kind": "Conformance",
            "name": "CustomDebugStringConvertible",
            "printedName": "CustomDebugStringConvertible",
            "usr": "s:s28CustomDebugStringConvertibleP",
            "mangledName": "$ss28CustomDebugStringConvertibleP"
          },
          {
            "kind": "Conformance",
            "name": "ReactiveCompatible",
            "printedName": "ReactiveCompatible",
            "children": [
              {
                "kind": "TypeWitness",
                "name": "ReactiveBase",
                "printedName": "ReactiveBase",
                "children": [
                  {
                    "kind": "TypeNominal",
                    "name": "NSObject",
                    "printedName": "ObjectiveC.NSObject",
                    "usr": "c:objc(cs)NSObject"
                  }
                ]
              }
            ],
            "usr": "s:7RxSwift18ReactiveCompatibleP",
            "mangledName": "$s7RxSwift18ReactiveCompatibleP"
          },
          {
            "kind": "Conformance",
            "name": "UITraitChangeObservable",
            "printedName": "UITraitChangeObservable",
            "usr": "s:5UIKit23UITraitChangeObservableP",
            "mangledName": "$s5UIKit23UITraitChangeObservableP"
          },
          {
            "kind": "Conformance",
            "name": "Sendable",
            "printedName": "Sendable",
            "usr": "s:s8SendableP",
            "mangledName": "$ss8SendableP"
          }
        ]
      },
      {
        "kind": "Import",
        "name": "Foundation",
        "printedName": "Foundation",
        "declKind": "Import",
        "moduleName": "NasAdPlatform",
        "declAttributes": [
          "RawDocComment"
        ]
      },
      {
        "kind": "Import",
        "name": "RxSwift",
        "printedName": "RxSwift",
        "declKind": "Import",
        "moduleName": "NasAdPlatform",
        "declAttributes": [
          "ImplementationOnly"
        ]
      },
      {
        "kind": "TypeDecl",
        "name": "BaseViewModel",
        "printedName": "BaseViewModel",
        "declKind": "Class",
        "usr": "s:13NasAdPlatform13BaseViewModelC",
        "mangledName": "$s13NasAdPlatform13BaseViewModelC",
        "moduleName": "NasAdPlatform",
        "declAttributes": [
          "AccessControl"
        ],
        "hasMissingDesignatedInitializers": true
      },
      {
        "kind": "Import",
        "name": "Foundation",
        "printedName": "Foundation",
        "declKind": "Import",
        "moduleName": "NasAdPlatform",
        "declAttributes": [
          "RawDocComment"
        ]
      },
      {
        "kind": "Import",
        "name": "Foundation",
        "printedName": "Foundation",
        "declKind": "Import",
        "moduleName": "NasAdPlatform",
        "declAttributes": [
          "RawDocComment"
        ]
      },
      {
        "kind": "Import",
        "name": "AdSupport",
        "printedName": "AdSupport",
        "declKind": "Import",
        "moduleName": "NasAdPlatform"
      },
      {
        "kind": "Import",
        "name": "Foundation",
        "printedName": "Foundation",
        "declKind": "Import",
        "moduleName": "NasAdPlatform",
        "declAttributes": [
          "RawDocComment"
        ]
      },
      {
        "kind": "TypeDecl",
        "name": "Gender",
        "printedName": "Gender",
        "children": [
          {
            "kind": "Var",
            "name": "unknown",
            "printedName": "unknown",
            "children": [
              {
                "kind": "TypeFunc",
                "name": "Function",
                "printedName": "(NasAdPlatform.Gender.Type) -> NasAdPlatform.Gender",
                "children": [
                  {
                    "kind": "TypeNominal",
                    "name": "Gender",
                    "printedName": "NasAdPlatform.Gender",
                    "usr": "c:@M@NasAdPlatform@E@Gender"
                  },
                  {
                    "kind": "TypeNominal",
                    "name": "Metatype",
                    "printedName": "NasAdPlatform.Gender.Type",
                    "children": [
                      {
                        "kind": "TypeNominal",
                        "name": "Gender",
                        "printedName": "NasAdPlatform.Gender",
                        "usr": "c:@M@NasAdPlatform@E@Gender"
                      }
                    ]
                  }
                ]
              }
            ],
            "declKind": "EnumElement",
            "usr": "c:@M@NasAdPlatform@E@Gender@GenderUnknown",
            "mangledName": "$s13NasAdPlatform6GenderO7unknownyA2CmF",
            "moduleName": "NasAdPlatform",
            "declAttributes": [
              "ObjC"
            ],
            "fixedbinaryorder": 0
          },
          {
            "kind": "Var",
            "name": "male",
            "printedName": "male",
            "children": [
              {
                "kind": "TypeFunc",
                "name": "Function",
                "printedName": "(NasAdPlatform.Gender.Type) -> NasAdPlatform.Gender",
                "children": [
                  {
                    "kind": "TypeNominal",
                    "name": "Gender",
                    "printedName": "NasAdPlatform.Gender",
                    "usr": "c:@M@NasAdPlatform@E@Gender"
                  },
                  {
                    "kind": "TypeNominal",
                    "name": "Metatype",
                    "printedName": "NasAdPlatform.Gender.Type",
                    "children": [
                      {
                        "kind": "TypeNominal",
                        "name": "Gender",
                        "printedName": "NasAdPlatform.Gender",
                        "usr": "c:@M@NasAdPlatform@E@Gender"
                      }
                    ]
                  }
                ]
              }
            ],
            "declKind": "EnumElement",
            "usr": "c:@M@NasAdPlatform@E@Gender@GenderMale",
            "mangledName": "$s13NasAdPlatform6GenderO4maleyA2CmF",
            "moduleName": "NasAdPlatform",
            "declAttributes": [
              "ObjC"
            ],
            "fixedbinaryorder": 1
          },
          {
            "kind": "Var",
            "name": "female",
            "printedName": "female",
            "children": [
              {
                "kind": "TypeFunc",
                "name": "Function",
                "printedName": "(NasAdPlatform.Gender.Type) -> NasAdPlatform.Gender",
                "children": [
                  {
                    "kind": "TypeNominal",
                    "name": "Gender",
                    "printedName": "NasAdPlatform.Gender",
                    "usr": "c:@M@NasAdPlatform@E@Gender"
                  },
                  {
                    "kind": "TypeNominal",
                    "name": "Metatype",
                    "printedName": "NasAdPlatform.Gender.Type",
                    "children": [
                      {
                        "kind": "TypeNominal",
                        "name": "Gender",
                        "printedName": "NasAdPlatform.Gender",
                        "usr": "c:@M@NasAdPlatform@E@Gender"
                      }
                    ]
                  }
                ]
              }
            ],
            "declKind": "EnumElement",
            "usr": "c:@M@NasAdPlatform@E@Gender@GenderFemale",
            "mangledName": "$s13NasAdPlatform6GenderO6femaleyA2CmF",
            "moduleName": "NasAdPlatform",
            "declAttributes": [
              "ObjC"
            ],
            "fixedbinaryorder": 2
          },
          {
            "kind": "Var",
            "name": "rawValue",
            "printedName": "rawValue",
            "children": [
              {
                "kind": "TypeNominal",
                "name": "Int",
                "printedName": "Swift.Int",
                "usr": "s:Si"
              }
            ],
            "declKind": "Var",
            "usr": "s:13NasAdPlatform6GenderO8rawValueSivp",
            "mangledName": "$s13NasAdPlatform6GenderO8rawValueSivp",
            "moduleName": "NasAdPlatform",
            "implicit": true,
            "accessors": [
              {
                "kind": "Accessor",
                "name": "Get",
                "printedName": "Get()",
                "children": [
                  {
                    "kind": "TypeNominal",
                    "name": "Int",
                    "printedName": "Swift.Int",
                    "usr": "s:Si"
                  }
                ],
                "declKind": "Accessor",
                "usr": "s:13NasAdPlatform6GenderO8rawValueSivg",
                "mangledName": "$s13NasAdPlatform6GenderO8rawValueSivg",
                "moduleName": "NasAdPlatform",
                "implicit": true,
                "accessorKind": "get"
              }
            ]
          },
          {
            "kind": "Constructor",
            "name": "init",
            "printedName": "init(rawValue:)",
            "children": [
              {
                "kind": "TypeNominal",
                "name": "Optional",
                "printedName": "NasAdPlatform.Gender?",
                "children": [
                  {
                    "kind": "TypeNominal",
                    "name": "Gender",
                    "printedName": "NasAdPlatform.Gender",
                    "usr": "c:@M@NasAdPlatform@E@Gender"
                  }
                ],
                "usr": "s:Sq"
              },
              {
                "kind": "TypeNominal",
                "name": "Int",
                "printedName": "Swift.Int",
                "usr": "s:Si"
              }
            ],
            "declKind": "Constructor",
            "usr": "s:13NasAdPlatform6GenderO8rawValueACSgSi_tcfc",
            "mangledName": "$s13NasAdPlatform6GenderO8rawValueACSgSi_tcfc",
            "moduleName": "NasAdPlatform",
            "implicit": true,
            "init_kind": "Designated"
          }
        ],
        "declKind": "Enum",
        "usr": "c:@M@NasAdPlatform@E@Gender",
        "mangledName": "$s13NasAdPlatform6GenderO",
        "moduleName": "NasAdPlatform",
        "declAttributes": [
          "AccessControl",
          "ObjC"
        ],
        "enumRawTypeName": "Int",
        "conformances": [
          {
            "kind": "Conformance",
            "name": "Equatable",
            "printedName": "Equatable",
            "usr": "s:SQ",
            "mangledName": "$sSQ"
          },
          {
            "kind": "Conformance",
            "name": "Hashable",
            "printedName": "Hashable",
            "usr": "s:SH",
            "mangledName": "$sSH"
          },
          {
            "kind": "Conformance",
            "name": "RawRepresentable",
            "printedName": "RawRepresentable",
            "children": [
              {
                "kind": "TypeWitness",
                "name": "RawValue",
                "printedName": "RawValue",
                "children": [
                  {
                    "kind": "TypeNominal",
                    "name": "Int",
                    "printedName": "Swift.Int",
                    "usr": "s:Si"
                  }
                ]
              }
            ],
            "usr": "s:SY",
            "mangledName": "$sSY"
          }
        ]
      },
      {
        "kind": "Import",
        "name": "Foundation",
        "printedName": "Foundation",
        "declKind": "Import",
        "moduleName": "NasAdPlatform",
        "declAttributes": [
          "RawDocComment"
        ]
      },
      {
        "kind": "Import",
        "name": "UIKit",
        "printedName": "UIKit",
        "declKind": "Import",
        "moduleName": "NasAdPlatform",
        "declAttributes": [
          "RawDocComment"
        ]
      },
      {
        "kind": "Import",
        "name": "Foundation",
        "printedName": "Foundation",
        "declKind": "Import",
        "moduleName": "NasAdPlatform",
        "declAttributes": [
          "RawDocComment"
        ]
      },
      {
        "kind": "Import",
        "name": "UIKit",
        "printedName": "UIKit",
        "declKind": "Import",
        "moduleName": "NasAdPlatform",
        "declAttributes": [
          "RawDocComment"
        ]
      },
      {
        "kind": "Import",
        "name": "Foundation",
        "printedName": "Foundation",
        "declKind": "Import",
        "moduleName": "NasAdPlatform",
        "declAttributes": [
          "RawDocComment"
        ]
      },
      {
        "kind": "Import",
        "name": "Foundation",
        "printedName": "Foundation",
        "declKind": "Import",
        "moduleName": "NasAdPlatform",
        "declAttributes": [
          "RawDocComment"
        ]
      },
      {
        "kind": "Import",
        "name": "Foundation",
        "printedName": "Foundation",
        "declKind": "Import",
        "moduleName": "NasAdPlatform",
        "declAttributes": [
          "RawDocComment"
        ]
      },
      {
        "kind": "Import",
        "name": "UIKit",
        "printedName": "UIKit",
        "declKind": "Import",
        "moduleName": "NasAdPlatform",
        "declAttributes": [
          "RawDocComment"
        ]
      },
      {
        "kind": "Import",
        "name": "Kingfisher",
        "printedName": "Kingfisher",
        "declKind": "Import",
        "moduleName": "NasAdPlatform",
        "declAttributes": [
          "ImplementationOnly"
        ]
      },
      {
        "kind": "Import",
        "name": "RxSwift",
        "printedName": "RxSwift",
        "declKind": "Import",
        "moduleName": "NasAdPlatform",
        "declAttributes": [
          "ImplementationOnly"
        ]
      },
      {
        "kind": "Import",
        "name": "RxCocoa",
        "printedName": "RxCocoa",
        "declKind": "Import",
        "moduleName": "NasAdPlatform",
        "declAttributes": [
          "ImplementationOnly"
        ]
      },
      {
        "kind": "Import",
        "name": "SnapKit",
        "printedName": "SnapKit",
        "declKind": "Import",
        "moduleName": "NasAdPlatform",
        "declAttributes": [
          "ImplementationOnly"
        ]
      },
      {
        "kind": "TypeDecl",
        "name": "TempViewController",
        "printedName": "TempViewController",
        "children": [
          {
            "kind": "Constructor",
            "name": "init",
            "printedName": "init(viewModel:)",
            "children": [
              {
                "kind": "TypeNominal",
                "name": "TempViewController",
                "printedName": "NasAdPlatform.TempViewController",
                "usr": "c:@M@NasAdPlatform@objc(cs)TempViewController"
              },
              {
                "kind": "TypeNominal",
                "name": "TestViewModel",
                "printedName": "NasAdPlatform.TestViewModel",
                "usr": "s:13NasAdPlatform13TestViewModelC"
              }
            ],
            "declKind": "Constructor",
            "usr": "s:13NasAdPlatform18TempViewControllerC9viewModelAcA04TesteH0C_tcfc",
            "mangledName": "$s13NasAdPlatform18TempViewControllerC9viewModelAcA04TesteH0C_tcfc",
            "moduleName": "NasAdPlatform",
            "declAttributes": [
              "Custom",
              "AccessControl"
            ],
            "init_kind": "Designated"
          },
          {
            "kind": "Function",
            "name": "viewDidLoad",
            "printedName": "viewDidLoad()",
            "children": [
              {
                "kind": "TypeNominal",
                "name": "Void",
                "printedName": "()"
              }
            ],
            "declKind": "Func",
            "usr": "c:@M@NasAdPlatform@objc(cs)TempViewController(im)viewDidLoad",
            "mangledName": "$s13NasAdPlatform18TempViewControllerC11viewDidLoadyyF",
            "moduleName": "NasAdPlatform",
            "overriding": true,
            "objc_name": "viewDidLoad",
            "declAttributes": [
              "Dynamic",
              "ObjC",
              "Custom",
              "Override",
              "AccessControl"
            ],
            "funcSelfKind": "NonMutating"
          },
          {
            "kind": "Function",
            "name": "addSubView",
            "printedName": "addSubView()",
            "children": [
              {
                "kind": "TypeNominal",
                "name": "Void",
                "printedName": "()"
              }
            ],
            "declKind": "Func",
            "usr": "s:13NasAdPlatform18TempViewControllerC06addSubE0yyF",
            "mangledName": "$s13NasAdPlatform18TempViewControllerC06addSubE0yyF",
            "moduleName": "NasAdPlatform",
            "overriding": true,
            "declAttributes": [
              "Custom",
              "Override",
              "AccessControl"
            ],
            "funcSelfKind": "NonMutating"
          },
          {
            "kind": "Function",
            "name": "configureView",
            "printedName": "configureView()",
            "children": [
              {
                "kind": "TypeNominal",
                "name": "Void",
                "printedName": "()"
              }
            ],
            "declKind": "Func",
            "usr": "s:13NasAdPlatform18TempViewControllerC09configureE0yyF",
            "mangledName": "$s13NasAdPlatform18TempViewControllerC09configureE0yyF",
            "moduleName": "NasAdPlatform",
            "overriding": true,
            "declAttributes": [
              "Custom",
              "Override",
              "AccessControl"
            ],
            "funcSelfKind": "NonMutating"
          },
          {
            "kind": "Function",
            "name": "setLayout",
            "printedName": "setLayout()",
            "children": [
              {
                "kind": "TypeNominal",
                "name": "Void",
                "printedName": "()"
              }
            ],
            "declKind": "Func",
            "usr": "s:13NasAdPlatform18TempViewControllerC9setLayoutyyF",
            "mangledName": "$s13NasAdPlatform18TempViewControllerC9setLayoutyyF",
            "moduleName": "NasAdPlatform",
            "overriding": true,
            "declAttributes": [
              "Custom",
              "Override",
              "AccessControl"
            ],
            "funcSelfKind": "NonMutating"
          },
          {
            "kind": "Function",
            "name": "bindViewModel",
            "printedName": "bindViewModel()",
            "children": [
              {
                "kind": "TypeNominal",
                "name": "Void",
                "printedName": "()"
              }
            ],
            "declKind": "Func",
            "usr": "s:13NasAdPlatform18TempViewControllerC04bindE5ModelyyF",
            "mangledName": "$s13NasAdPlatform18TempViewControllerC04bindE5ModelyyF",
            "moduleName": "NasAdPlatform",
            "overriding": true,
            "declAttributes": [
              "Custom",
              "Override",
              "AccessControl"
            ],
            "funcSelfKind": "NonMutating"
          },
          {
            "kind": "Constructor",
            "name": "init",
            "printedName": "init(nibName:bundle:)",
            "children": [
              {
                "kind": "TypeNominal",
                "name": "TempViewController",
                "printedName": "NasAdPlatform.TempViewController",
                "usr": "c:@M@NasAdPlatform@objc(cs)TempViewController"
              },
              {
                "kind": "TypeNominal",
                "name": "Optional",
                "printedName": "Swift.String?",
                "children": [
                  {
                    "kind": "TypeNominal",
                    "name": "String",
                    "printedName": "Swift.String",
                    "usr": "s:SS"
                  }
                ],
                "usr": "s:Sq"
              },
              {
                "kind": "TypeNominal",
                "name": "Optional",
                "printedName": "Foundation.Bundle?",
                "children": [
                  {
                    "kind": "TypeNominal",
                    "name": "Bundle",
                    "printedName": "Foundation.Bundle",
                    "usr": "c:objc(cs)NSBundle"
                  }
                ],
                "usr": "s:Sq"
              }
            ],
            "declKind": "Constructor",
            "usr": "c:@M@NasAdPlatform@objc(cs)TempViewController(im)initWithNibName:bundle:",
            "mangledName": "$s13NasAdPlatform18TempViewControllerC7nibName6bundleACSSSg_So8NSBundleCSgtcfc",
            "moduleName": "NasAdPlatform",
            "overriding": true,
            "implicit": true,
            "objc_name": "initWithNibName:bundle:",
            "declAttributes": [
              "Dynamic",
              "ObjC",
              "Custom",
              "Override"
            ],
            "init_kind": "Designated"
          }
        ],
        "declKind": "Class",
        "usr": "c:@M@NasAdPlatform@objc(cs)TempViewController",
        "mangledName": "$s13NasAdPlatform18TempViewControllerC",
        "moduleName": "NasAdPlatform",
        "declAttributes": [
          "Custom",
          "AccessControl",
          "ObjC"
        ],
        "superclassUsr": "c:@M@NasAdPlatform@objc(cs)BaseViewController",
        "hasMissingDesignatedInitializers": true,
        "superclassNames": [
          "NasAdPlatform.BaseViewController",
          "UIKit.UIViewController",
          "UIKit.UIResponder",
          "ObjectiveC.NSObject"
        ],
        "conformances": [
          {
            "kind": "Conformance",
            "name": "Equatable",
            "printedName": "Equatable",
            "usr": "s:SQ",
            "mangledName": "$sSQ"
          },
          {
            "kind": "Conformance",
            "name": "Hashable",
            "printedName": "Hashable",
            "usr": "s:SH",
            "mangledName": "$sSH"
          },
          {
            "kind": "Conformance",
            "name": "CVarArg",
            "printedName": "CVarArg",
            "usr": "s:s7CVarArgP",
            "mangledName": "$ss7CVarArgP"
          },
          {
            "kind": "Conformance",
            "name": "_KeyValueCodingAndObservingPublishing",
            "printedName": "_KeyValueCodingAndObservingPublishing",
            "usr": "s:10Foundation37_KeyValueCodingAndObservingPublishingP",
            "mangledName": "$s10Foundation37_KeyValueCodingAndObservingPublishingP"
          },
          {
            "kind": "Conformance",
            "name": "_KeyValueCodingAndObserving",
            "printedName": "_KeyValueCodingAndObserving",
            "usr": "s:10Foundation27_KeyValueCodingAndObservingP",
            "mangledName": "$s10Foundation27_KeyValueCodingAndObservingP"
          },
          {
            "kind": "Conformance",
            "name": "CustomStringConvertible",
            "printedName": "CustomStringConvertible",
            "usr": "s:s23CustomStringConvertibleP",
            "mangledName": "$ss23CustomStringConvertibleP"
          },
          {
            "kind": "Conformance",
            "name": "CustomDebugStringConvertible",
            "printedName": "CustomDebugStringConvertible",
            "usr": "s:s28CustomDebugStringConvertibleP",
            "mangledName": "$ss28CustomDebugStringConvertibleP"
          },
          {
            "kind": "Conformance",
            "name": "ReactiveCompatible",
            "printedName": "ReactiveCompatible",
            "children": [
              {
                "kind": "TypeWitness",
                "name": "ReactiveBase",
                "printedName": "ReactiveBase",
                "children": [
                  {
                    "kind": "TypeNominal",
                    "name": "NSObject",
                    "printedName": "ObjectiveC.NSObject",
                    "usr": "c:objc(cs)NSObject"
                  }
                ]
              }
            ],
            "usr": "s:7RxSwift18ReactiveCompatibleP",
            "mangledName": "$s7RxSwift18ReactiveCompatibleP"
          },
          {
            "kind": "Conformance",
            "name": "UITraitChangeObservable",
            "printedName": "UITraitChangeObservable",
            "usr": "s:5UIKit23UITraitChangeObservableP",
            "mangledName": "$s5UIKit23UITraitChangeObservableP"
          },
          {
            "kind": "Conformance",
            "name": "Sendable",
            "printedName": "Sendable",
            "usr": "s:s8SendableP",
            "mangledName": "$ss8SendableP"
          }
        ]
      },
      {
        "kind": "Import",
        "name": "Foundation",
        "printedName": "Foundation",
        "declKind": "Import",
        "moduleName": "NasAdPlatform",
        "declAttributes": [
          "RawDocComment"
        ]
      },
      {
        "kind": "Import",
        "name": "RxSwift",
        "printedName": "RxSwift",
        "declKind": "Import",
        "moduleName": "NasAdPlatform",
        "declAttributes": [
          "ImplementationOnly"
        ]
      },
      {
        "kind": "Import",
        "name": "RxRelay",
        "printedName": "RxRelay",
        "declKind": "Import",
        "moduleName": "NasAdPlatform",
        "declAttributes": [
          "ImplementationOnly"
        ]
      },
      {
        "kind": "Import",
        "name": "RxCocoa",
        "printedName": "RxCocoa",
        "declKind": "Import",
        "moduleName": "NasAdPlatform",
        "declAttributes": [
          "ImplementationOnly"
        ]
      },
      {
        "kind": "TypeDecl",
        "name": "TestViewModel",
        "printedName": "TestViewModel",
        "children": [
          {
            "kind": "Constructor",
            "name": "init",
            "printedName": "init()",
            "children": [
              {
                "kind": "TypeNominal",
                "name": "TestViewModel",
                "printedName": "NasAdPlatform.TestViewModel",
                "usr": "s:13NasAdPlatform13TestViewModelC"
              }
            ],
            "declKind": "Constructor",
            "usr": "s:13NasAdPlatform13TestViewModelCACycfc",
            "mangledName": "$s13NasAdPlatform13TestViewModelCACycfc",
            "moduleName": "NasAdPlatform",
            "overriding": true,
            "declAttributes": [
              "Override",
              "AccessControl"
            ],
            "init_kind": "Designated"
          }
        ],
        "declKind": "Class",
        "usr": "s:13NasAdPlatform13TestViewModelC",
        "mangledName": "$s13NasAdPlatform13TestViewModelC",
        "moduleName": "NasAdPlatform",
        "declAttributes": [
          "AccessControl"
        ],
        "superclassUsr": "s:13NasAdPlatform13BaseViewModelC",
        "inheritsConvenienceInitializers": true,
        "superclassNames": [
          "NasAdPlatform.BaseViewModel"
        ]
      },
      {
        "kind": "Import",
        "name": "Foundation",
        "printedName": "Foundation",
        "declKind": "Import",
        "moduleName": "NasAdPlatform",
        "declAttributes": [
          "RawDocComment"
        ]
      },
      {
        "kind": "Import",
        "name": "Foundation",
        "printedName": "Foundation",
        "declKind": "Import",
        "moduleName": "NasAdPlatform",
        "declAttributes": [
          "RawDocComment"
        ]
      },
      {
        "kind": "Import",
        "name": "Foundation",
        "printedName": "Foundation",
        "declKind": "Import",
        "moduleName": "NasAdPlatform",
        "declAttributes": [
          "RawDocComment"
        ]
      },
      {
        "kind": "TypeDecl",
        "name": "UserModel",
        "printedName": "UserModel",
        "declKind": "Struct",
        "usr": "s:13NasAdPlatform9UserModelV",
        "mangledName": "$s13NasAdPlatform9UserModelV",
        "moduleName": "NasAdPlatform",
        "declAttributes": [
          "AccessControl"
        ]
      }
    ],
    "json_format_version": 8
  },
  "ConstValues": [
    {
      "filePath": "\/Users\/iosnasmedia\/Desktop\/JSYWorkSpace\/iOS-NasAdPlatform\/NasAdPlatform\/Domain\/Model\/AppModel.swift",
      "kind": "IntegerLiteral",
      "offset": 359,
      "length": 3,
      "value": "100"
    },
    {
      "filePath": "\/Users\/iosnasmedia\/Desktop\/JSYWorkSpace\/iOS-NasAdPlatform\/NasAdPlatform\/Domain\/Model\/AppModel.swift",
      "kind": "IntegerLiteral",
      "offset": 371,
      "length": 5,
      "value": "10020"
    },
    {
      "filePath": "\/Users\/iosnasmedia\/Desktop\/JSYWorkSpace\/iOS-NasAdPlatform\/NasAdPlatform\/Domain\/Model\/AppModel.swift",
      "kind": "IntegerLiteral",
      "offset": 386,
      "length": 5,
      "value": "10382"
    },
    {
      "filePath": "\/Users\/iosnasmedia\/Desktop\/JSYWorkSpace\/iOS-NasAdPlatform\/NasAdPlatform\/Presentations\/Base\/BaseViewModel.swift",
      "kind": "StringLiteral",
      "offset": 353,
      "length": 32,
      "value": "\"BaseViewModel - bind viewModel\""
    },
    {
      "filePath": "\/Users\/iosnasmedia\/Desktop\/JSYWorkSpace\/iOS-NasAdPlatform\/NasAdPlatform\/Data\/Response\/CampDTO.swift",
      "kind": "BooleanLiteral",
      "offset": 1095,
      "length": 5,
      "value": "false"
    },
    {
      "filePath": "\/Users\/iosnasmedia\/Desktop\/JSYWorkSpace\/iOS-NasAdPlatform\/NasAdPlatform\/Data\/Response\/CampDTO.swift",
      "kind": "IntegerLiteral",
      "offset": 1291,
      "length": 2,
      "value": "-1"
    },
    {
      "filePath": "\/Users\/iosnasmedia\/Desktop\/JSYWorkSpace\/iOS-NasAdPlatform\/NasAdPlatform\/Data\/Response\/CampDTO.swift",
      "kind": "IntegerLiteral",
      "offset": 1354,
      "length": 2,
      "value": "-1"
    },
    {
      "filePath": "\/Users\/iosnasmedia\/Desktop\/JSYWorkSpace\/iOS-NasAdPlatform\/NasAdPlatform\/Data\/Response\/CampDTO.swift",
      "kind": "IntegerLiteral",
      "offset": 1427,
      "length": 1,
      "value": "0"
    },
    {
      "filePath": "\/Users\/iosnasmedia\/Desktop\/JSYWorkSpace\/iOS-NasAdPlatform\/NasAdPlatform\/Data\/Response\/CampDTO.swift",
      "kind": "StringLiteral",
      "offset": 1496,
      "length": 2,
      "value": "\"\""
    },
    {
      "filePath": "\/Users\/iosnasmedia\/Desktop\/JSYWorkSpace\/iOS-NasAdPlatform\/NasAdPlatform\/Data\/Response\/CampDTO.swift",
      "kind": "StringLiteral",
      "offset": 1572,
      "length": 2,
      "value": "\"\""
    },
    {
      "filePath": "\/Users\/iosnasmedia\/Desktop\/JSYWorkSpace\/iOS-NasAdPlatform\/NasAdPlatform\/Data\/Response\/CampDTO.swift",
      "kind": "IntegerLiteral",
      "offset": 1651,
      "length": 1,
      "value": "0"
    },
    {
      "filePath": "\/Users\/iosnasmedia\/Desktop\/JSYWorkSpace\/iOS-NasAdPlatform\/NasAdPlatform\/Data\/Response\/CampDTO.swift",
      "kind": "StringLiteral",
      "offset": 1726,
      "length": 2,
      "value": "\"\""
    },
    {
      "filePath": "\/Users\/iosnasmedia\/Desktop\/JSYWorkSpace\/iOS-NasAdPlatform\/NasAdPlatform\/Data\/Response\/CampDTO.swift",
      "kind": "StringLiteral",
      "offset": 1800,
      "length": 2,
      "value": "\"\""
    },
    {
      "filePath": "\/Users\/iosnasmedia\/Desktop\/JSYWorkSpace\/iOS-NasAdPlatform\/NasAdPlatform\/Data\/Response\/CampDTO.swift",
      "kind": "IntegerLiteral",
      "offset": 1875,
      "length": 1,
      "value": "0"
    },
    {
      "filePath": "\/Users\/iosnasmedia\/Desktop\/JSYWorkSpace\/iOS-NasAdPlatform\/NasAdPlatform\/Data\/Response\/CampDTO.swift",
      "kind": "IntegerLiteral",
      "offset": 1951,
      "length": 1,
      "value": "0"
    },
    {
      "filePath": "\/Users\/iosnasmedia\/Desktop\/JSYWorkSpace\/iOS-NasAdPlatform\/NasAdPlatform\/Data\/Response\/CampDTO.swift",
      "kind": "StringLiteral",
      "offset": 2263,
      "length": 2,
      "value": "\"\""
    },
    {
      "filePath": "\/Users\/iosnasmedia\/Desktop\/JSYWorkSpace\/iOS-NasAdPlatform\/NasAdPlatform\/Data\/Response\/CampDTO.swift",
      "kind": "IntegerLiteral",
      "offset": 2352,
      "length": 1,
      "value": "0"
    },
    {
      "filePath": "\/Users\/iosnasmedia\/Desktop\/JSYWorkSpace\/iOS-NasAdPlatform\/NasAdPlatform\/Data\/Response\/CampDTO.swift",
      "kind": "StringLiteral",
      "offset": 2433,
      "length": 2,
      "value": "\"\""
    },
    {
      "filePath": "\/Users\/iosnasmedia\/Desktop\/JSYWorkSpace\/iOS-NasAdPlatform\/NasAdPlatform\/Data\/Response\/CampDTO.swift",
      "kind": "StringLiteral",
      "offset": 2507,
      "length": 2,
      "value": "\"\""
    },
    {
      "filePath": "\/Users\/iosnasmedia\/Desktop\/JSYWorkSpace\/iOS-NasAdPlatform\/NasAdPlatform\/Data\/Response\/CampDTO.swift",
      "kind": "StringLiteral",
      "offset": 2575,
      "length": 2,
      "value": "\"\""
    },
    {
      "filePath": "\/Users\/iosnasmedia\/Desktop\/JSYWorkSpace\/iOS-NasAdPlatform\/NasAdPlatform\/Data\/Response\/CampDTO.swift",
      "kind": "IntegerLiteral",
      "offset": 2650,
      "length": 1,
      "value": "0"
    },
    {
      "filePath": "\/Users\/iosnasmedia\/Desktop\/JSYWorkSpace\/iOS-NasAdPlatform\/NasAdPlatform\/Data\/Response\/CampDTO.swift",
      "kind": "IntegerLiteral",
      "offset": 2733,
      "length": 1,
      "value": "0"
    },
    {
      "filePath": "\/Users\/iosnasmedia\/Desktop\/JSYWorkSpace\/iOS-NasAdPlatform\/NasAdPlatform\/Data\/Response\/CampDTO.swift",
      "kind": "StringLiteral",
      "offset": 2812,
      "length": 2,
      "value": "\"\""
    },
    {
      "filePath": "\/Users\/iosnasmedia\/Desktop\/JSYWorkSpace\/iOS-NasAdPlatform\/NasAdPlatform\/Data\/Response\/CampDTO.swift",
      "kind": "IntegerLiteral",
      "offset": 2887,
      "length": 1,
      "value": "0"
    },
    {
      "filePath": "\/Users\/iosnasmedia\/Desktop\/JSYWorkSpace\/iOS-NasAdPlatform\/NasAdPlatform\/Data\/Response\/CampDTO.swift",
      "kind": "IntegerLiteral",
      "offset": 2965,
      "length": 1,
      "value": "0"
    },
    {
      "filePath": "\/Users\/iosnasmedia\/Desktop\/JSYWorkSpace\/iOS-NasAdPlatform\/NasAdPlatform\/Data\/Response\/CampDTO.swift",
      "kind": "StringLiteral",
      "offset": 3040,
      "length": 2,
      "value": "\"\""
    },
    {
      "filePath": "\/Users\/iosnasmedia\/Desktop\/JSYWorkSpace\/iOS-NasAdPlatform\/NasAdPlatform\/Data\/Response\/CampDTO.swift",
      "kind": "IntegerLiteral",
      "offset": 3123,
      "length": 1,
      "value": "0"
    },
    {
      "filePath": "\/Users\/iosnasmedia\/Desktop\/JSYWorkSpace\/iOS-NasAdPlatform\/NasAdPlatform\/Data\/Response\/CampDTO.swift",
      "kind": "IntegerLiteral",
      "offset": 3205,
      "length": 1,
      "value": "0"
    },
    {
      "filePath": "\/Users\/iosnasmedia\/Desktop\/JSYWorkSpace\/iOS-NasAdPlatform\/NasAdPlatform\/Data\/Response\/CampDTO.swift",
      "kind": "IntegerLiteral",
      "offset": 3275,
      "length": 1,
      "value": "0"
    },
    {
      "filePath": "\/Users\/iosnasmedia\/Desktop\/JSYWorkSpace\/iOS-NasAdPlatform\/NasAdPlatform\/Data\/Response\/CampDTO.swift",
      "kind": "IntegerLiteral",
      "offset": 3610,
      "length": 1,
      "value": "0"
    },
    {
      "filePath": "\/Users\/iosnasmedia\/Desktop\/JSYWorkSpace\/iOS-NasAdPlatform\/NasAdPlatform\/Data\/Response\/CampDTO.swift",
      "kind": "IntegerLiteral",
      "offset": 3684,
      "length": 1,
      "value": "0"
    },
    {
      "filePath": "\/Users\/iosnasmedia\/Desktop\/JSYWorkSpace\/iOS-NasAdPlatform\/NasAdPlatform\/Data\/Response\/CampDTO.swift",
      "kind": "StringLiteral",
      "offset": 3765,
      "length": 2,
      "value": "\"\""
    },
    {
      "filePath": "\/Users\/iosnasmedia\/Desktop\/JSYWorkSpace\/iOS-NasAdPlatform\/NasAdPlatform\/Data\/Response\/CampDTO.swift",
      "kind": "IntegerLiteral",
      "offset": 3907,
      "length": 2,
      "value": "-1"
    },
    {
      "filePath": "\/Users\/iosnasmedia\/Desktop\/JSYWorkSpace\/iOS-NasAdPlatform\/NasAdPlatform\/Data\/DefaultRepository.swift",
      "kind": "StringLiteral",
      "offset": 246,
      "length": 31,
      "value": "\"https:\/\/api.nstation.co.kr\/v2\""
    },
    {
      "filePath": "\/Users\/iosnasmedia\/Desktop\/JSYWorkSpace\/iOS-NasAdPlatform\/NasAdPlatform\/Data\/DefaultRepository.swift",
      "kind": "StringLiteral",
      "offset": 652,
      "length": 6,
      "value": "\"\/req\""
    },
    {
      "filePath": "\/Users\/iosnasmedia\/Desktop\/JSYWorkSpace\/iOS-NasAdPlatform\/NasAdPlatform\/Data\/DefaultRepository.swift",
      "kind": "StringLiteral",
      "offset": 737,
      "length": 6,
      "value": "\"mkey\""
    },
    {
      "filePath": "\/Users\/iosnasmedia\/Desktop\/JSYWorkSpace\/iOS-NasAdPlatform\/NasAdPlatform\/Data\/DefaultRepository.swift",
      "kind": "StringLiteral",
      "offset": 807,
      "length": 7,
      "value": "\"mckey\""
    },
    {
      "filePath": "\/Users\/iosnasmedia\/Desktop\/JSYWorkSpace\/iOS-NasAdPlatform\/NasAdPlatform\/Data\/DefaultRepository.swift",
      "kind": "StringLiteral",
      "offset": 879,
      "length": 8,
      "value": "\"userid\""
    },
    {
      "filePath": "\/Users\/iosnasmedia\/Desktop\/JSYWorkSpace\/iOS-NasAdPlatform\/NasAdPlatform\/Data\/DefaultRepository.swift",
      "kind": "StringLiteral",
      "offset": 950,
      "length": 6,
      "value": "\"adid\""
    },
    {
      "filePath": "\/Users\/iosnasmedia\/Desktop\/JSYWorkSpace\/iOS-NasAdPlatform\/NasAdPlatform\/Data\/DefaultRepository.swift",
      "kind": "StringLiteral",
      "offset": 1003,
      "length": 8,
      "value": "\"gender\""
    },
    {
      "filePath": "\/Users\/iosnasmedia\/Desktop\/JSYWorkSpace\/iOS-NasAdPlatform\/NasAdPlatform\/Data\/DefaultRepository.swift",
      "kind": "StringLiteral",
      "offset": 1174,
      "length": 7,
      "value": "\"count\""
    },
    {
      "filePath": "\/Users\/iosnasmedia\/Desktop\/JSYWorkSpace\/iOS-NasAdPlatform\/NasAdPlatform\/Data\/DefaultRepository.swift",
      "kind": "StringLiteral",
      "offset": 1296,
      "length": 2,
      "value": "\"\""
    },
    {
      "filePath": "\/Users\/iosnasmedia\/Desktop\/JSYWorkSpace\/iOS-NasAdPlatform\/NasAdPlatform\/Data\/DefaultRepository.swift",
      "kind": "StringLiteral",
      "offset": 1465,
      "length": 5,
      "value": "\"GET\""
    },
    {
      "filePath": "\/Users\/iosnasmedia\/Desktop\/JSYWorkSpace\/iOS-NasAdPlatform\/NasAdPlatform\/Data\/DefaultRepository.swift",
      "kind": "StringLiteral",
      "offset": 1836,
      "length": 37,
      "value": "\"DefaultRepository - getNasmobNotice\""
    },
    {
      "filePath": "\/Users\/iosnasmedia\/Desktop\/JSYWorkSpace\/iOS-NasAdPlatform\/NasAdPlatform\/Data\/DefaultRepository.swift",
      "kind": "StringLiteral",
      "offset": 1925,
      "length": 33,
      "value": "\"DefaultRepository - callViewAPI\""
    },
    {
      "filePath": "\/Users\/iosnasmedia\/Desktop\/JSYWorkSpace\/iOS-NasAdPlatform\/NasAdPlatform\/Data\/DefaultRepository.swift",
      "kind": "StringLiteral",
      "offset": 2010,
      "length": 33,
      "value": "\"DefaultRepository - callJoinAPI\""
    },
    {
      "filePath": "\/Users\/iosnasmedia\/Desktop\/JSYWorkSpace\/iOS-NasAdPlatform\/NasAdPlatform\/Data\/DefaultRepository.swift",
      "kind": "StringLiteral",
      "offset": 2095,
      "length": 33,
      "value": "\"DefaultRepository - callConvAPI\""
    },
    {
      "filePath": "\/Users\/iosnasmedia\/Desktop\/JSYWorkSpace\/iOS-NasAdPlatform\/NasAdPlatform\/Data\/DefaultRepository.swift",
      "kind": "StringLiteral",
      "offset": 2181,
      "length": 34,
      "value": "\"DefaultRepository - callStateAPI\""
    },
    {
      "filePath": "\/Users\/iosnasmedia\/Desktop\/JSYWorkSpace\/iOS-NasAdPlatform\/NasAdPlatform\/Data\/DefaultRepository.swift",
      "kind": "StringLiteral",
      "offset": 2267,
      "length": 33,
      "value": "\"DefaultRepository - callInstAPI\""
    },
    {
      "filePath": "\/Users\/iosnasmedia\/Desktop\/JSYWorkSpace\/iOS-NasAdPlatform\/NasAdPlatform\/Data\/DefaultRepository.swift",
      "kind": "StringLiteral",
      "offset": 2354,
      "length": 35,
      "value": "\"DefaultRepository - callRewardAPI\""
    },
    {
      "filePath": "\/Users\/iosnasmedia\/Desktop\/JSYWorkSpace\/iOS-NasAdPlatform\/NasAdPlatform\/Data\/DefaultRepository.swift",
      "kind": "StringLiteral",
      "offset": 2442,
      "length": 34,
      "value": "\"DefaultRepository - callVisitAPI\""
    },
    {
      "filePath": "\/Users\/iosnasmedia\/Desktop\/JSYWorkSpace\/iOS-NasAdPlatform\/NasAdPlatform\/Data\/DefaultRepository.swift",
      "kind": "StringLiteral",
      "offset": 2527,
      "length": 32,
      "value": "\"DefaultRepository - callImpAPI\""
    },
    {
      "filePath": "\/Users\/iosnasmedia\/Desktop\/JSYWorkSpace\/iOS-NasAdPlatform\/NasAdPlatform\/Data\/DefaultRepository.swift",
      "kind": "StringLiteral",
      "offset": 2623,
      "length": 45,
      "value": "\"DefaultRepository - getParticipatedCampList\""
    },
    {
      "filePath": "\/Users\/iosnasmedia\/Desktop\/JSYWorkSpace\/iOS-NasAdPlatform\/NasAdPlatform\/Data\/DefaultRepository.swift",
      "kind": "StringLiteral",
      "offset": 2725,
      "length": 38,
      "value": "\"DefaultRepository - getAgreeContents\""
    },
    {
      "filePath": "\/Users\/iosnasmedia\/Desktop\/JSYWorkSpace\/iOS-NasAdPlatform\/NasAdPlatform\/Data\/DefaultRepository.swift",
      "kind": "StringLiteral",
      "offset": 2810,
      "length": 28,
      "value": "\"DefaultRepository - postCS\""
    },
    {
      "filePath": "\/Users\/iosnasmedia\/Desktop\/JSYWorkSpace\/iOS-NasAdPlatform\/NasAdPlatform\/Data\/DefaultRepository.swift",
      "kind": "StringLiteral",
      "offset": 2896,
      "length": 39,
      "value": "\"DefaultRepository - getRewardCampList\""
    },
    {
      "filePath": "\/Users\/iosnasmedia\/Desktop\/JSYWorkSpace\/iOS-NasAdPlatform\/NasAdPlatform\/Domain\/Enums\/Gender.swift",
      "kind": "IntegerLiteral",
      "offset": 158,
      "length": 1,
      "value": "0"
    },
    {
      "filePath": "\/Users\/iosnasmedia\/Desktop\/JSYWorkSpace\/iOS-NasAdPlatform\/NasAdPlatform\/Domain\/Enums\/Gender.swift",
      "kind": "IntegerLiteral",
      "offset": 176,
      "length": 1,
      "value": "1"
    },
    {
      "filePath": "\/Users\/iosnasmedia\/Desktop\/JSYWorkSpace\/iOS-NasAdPlatform\/NasAdPlatform\/Domain\/Enums\/Gender.swift",
      "kind": "IntegerLiteral",
      "offset": 196,
      "length": 1,
      "value": "2"
    },
    {
      "filePath": "\/Users\/iosnasmedia\/Desktop\/JSYWorkSpace\/iOS-NasAdPlatform\/NasAdPlatform\/Domain\/Enums\/Gender.swift",
      "kind": "IntegerLiteral",
      "offset": 158,
      "length": 1,
      "value": "0"
    },
    {
      "filePath": "\/Users\/iosnasmedia\/Desktop\/JSYWorkSpace\/iOS-NasAdPlatform\/NasAdPlatform\/Domain\/Enums\/Gender.swift",
      "kind": "IntegerLiteral",
      "offset": 176,
      "length": 1,
      "value": "1"
    },
    {
      "filePath": "\/Users\/iosnasmedia\/Desktop\/JSYWorkSpace\/iOS-NasAdPlatform\/NasAdPlatform\/Domain\/Enums\/Gender.swift",
      "kind": "IntegerLiteral",
      "offset": 196,
      "length": 1,
      "value": "2"
    },
    {
      "filePath": "\/Users\/iosnasmedia\/Desktop\/JSYWorkSpace\/iOS-NasAdPlatform\/NasAdPlatform\/Presentations\/UIComponents\/NapLabel.swift",
      "kind": "StringLiteral",
      "offset": 376,
      "length": 39,
      "value": "\"init(coder:) has not been implemented\""
    },
    {
      "filePath": "\/Users\/iosnasmedia\/Desktop\/JSYWorkSpace\/iOS-NasAdPlatform\/NasAdPlatform\/Presentations\/UIComponents\/NapLabel.swift",
      "kind": "StringLiteral",
      "offset": 110,
      "length": 8,
      "value": "\"NasAdPlatform.NapLabel\""
    },
    {
      "filePath": "\/Users\/iosnasmedia\/Desktop\/JSYWorkSpace\/iOS-NasAdPlatform\/NasAdPlatform\/Temp\/TempViewController.swift",
      "kind": "StringLiteral",
      "offset": 460,
      "length": 10,
      "value": "\"napLabel\""
    },
    {
      "filePath": "\/Users\/iosnasmedia\/Desktop\/JSYWorkSpace\/iOS-NasAdPlatform\/NasAdPlatform\/Temp\/TempViewController.swift",
      "kind": "IntegerLiteral",
      "offset": 498,
      "length": 2,
      "value": "15"
    },
    {
      "filePath": "\/Users\/iosnasmedia\/Desktop\/JSYWorkSpace\/iOS-NasAdPlatform\/NasAdPlatform\/Temp\/TempViewController.swift",
      "kind": "StringLiteral",
      "offset": 713,
      "length": 39,
      "value": "\"init(coder:) has not been implemented\""
    },
    {
      "filePath": "\/Users\/iosnasmedia\/Desktop\/JSYWorkSpace\/iOS-NasAdPlatform\/NasAdPlatform\/Temp\/TempViewController.swift",
      "kind": "StringLiteral",
      "offset": 1103,
      "length": 27,
      "value": "\"https:\/\/picsum.photos\/330\""
    },
    {
      "filePath": "\/Users\/iosnasmedia\/Desktop\/JSYWorkSpace\/iOS-NasAdPlatform\/NasAdPlatform\/Temp\/TempViewController.swift",
      "kind": "StringLiteral",
      "offset": 1294,
      "length": 6,
      "value": "\"test\""
    },
    {
      "filePath": "\/Users\/iosnasmedia\/Desktop\/JSYWorkSpace\/iOS-NasAdPlatform\/NasAdPlatform\/Temp\/TempViewController.swift",
      "kind": "FloatLiteral",
      "offset": 1421,
      "length": 4,
      "value": "15.0"
    },
    {
      "filePath": "\/Users\/iosnasmedia\/Desktop\/JSYWorkSpace\/iOS-NasAdPlatform\/NasAdPlatform\/Temp\/TempViewController.swift",
      "kind": "IntegerLiteral",
      "offset": 1620,
      "length": 3,
      "value": "200"
    },
    {
      "filePath": "\/Users\/iosnasmedia\/Desktop\/JSYWorkSpace\/iOS-NasAdPlatform\/NasAdPlatform\/Temp\/TempViewController.swift",
      "kind": "IntegerLiteral",
      "offset": 1736,
      "length": 2,
      "value": "30"
    },
    {
      "filePath": "\/Users\/iosnasmedia\/Desktop\/JSYWorkSpace\/iOS-NasAdPlatform\/NasAdPlatform\/Temp\/TempViewController.swift",
      "kind": "IntegerLiteral",
      "offset": 1890,
      "length": 2,
      "value": "30"
    },
    {
      "filePath": "\/Users\/iosnasmedia\/Desktop\/JSYWorkSpace\/iOS-NasAdPlatform\/NasAdPlatform\/Temp\/TempViewController.swift",
      "kind": "BooleanLiteral",
      "offset": 2256,
      "length": 5,
      "value": "false"
    },
    {
      "filePath": "\/Users\/iosnasmedia\/Desktop\/JSYWorkSpace\/iOS-NasAdPlatform\/NasAdPlatform\/Temp\/TempViewController.swift",
      "kind": "IntegerLiteral",
      "offset": 2347,
      "length": 1,
      "value": "0"
    },
    {
      "filePath": "\/Users\/iosnasmedia\/Desktop\/JSYWorkSpace\/iOS-NasAdPlatform\/NasAdPlatform\/Temp\/TempViewController.swift",
      "kind": "StringLiteral",
      "offset": 274,
      "length": 18,
      "value": "\"NasAdPlatform.TempViewController\""
    },
    {
      "filePath": "\/Users\/iosnasmedia\/Desktop\/JSYWorkSpace\/iOS-NasAdPlatform\/NasAdPlatform\/Temp\/TestViewModel.swift",
      "kind": "Array",
      "offset": 379,
      "length": 2,
      "value": "[]"
    },
    {
      "filePath": "\/Users\/iosnasmedia\/Desktop\/JSYWorkSpace\/iOS-NasAdPlatform\/NasAdPlatform\/Temp\/TestViewModel.swift",
      "kind": "IntegerLiteral",
      "offset": 837,
      "length": 1,
      "value": "5"
    },
    {
      "filePath": "\/Users\/iosnasmedia\/Desktop\/JSYWorkSpace\/iOS-NasAdPlatform\/NasAdPlatform\/Temp\/TestViewModel.swift",
      "kind": "StringLiteral",
      "offset": 952,
      "length": 18,
      "value": "\"error : \""
    },
    {
      "filePath": "\/Users\/iosnasmedia\/Desktop\/JSYWorkSpace\/iOS-NasAdPlatform\/NasAdPlatform\/Temp\/TestViewModel.swift",
      "kind": "StringLiteral",
      "offset": 969,
      "length": 2,
      "value": "\"\""
    },
    {
      "filePath": "\/Users\/iosnasmedia\/Desktop\/JSYWorkSpace\/iOS-NasAdPlatform\/NasAdPlatform\/Temp\/TestViewModel.swift",
      "kind": "Array",
      "offset": 1065,
      "length": 2,
      "value": "[]"
    },
    {
      "filePath": "\/Users\/iosnasmedia\/Desktop\/JSYWorkSpace\/iOS-NasAdPlatform\/NasAdPlatform\/Data\/URLSession+Ex.swift",
      "kind": "IntegerLiteral",
      "offset": 552,
      "length": 3,
      "value": "200"
    },
    {
      "filePath": "\/Users\/iosnasmedia\/Desktop\/JSYWorkSpace\/iOS-NasAdPlatform\/NasAdPlatform\/Domain\/Model\/UserModel.swift",
      "kind": "StringLiteral",
      "offset": 305,
      "length": 19,
      "value": "\"nstation_oper_ios\""
    }
  ]
}